{
  "project_info": {
    "project_number": "689438036200",
    "project_id": "tugas4-pam-6a016",
    "storage_bucket": "tugas4-pam-6a016.firebasestorage.app"
  },
  "client": [
    {
      "client_info": {
        "mobilesdk_app_id": "1:689438036200:android:8ae1fd1d96112afa30f95d",
        "android_client_info": {
          "package_name": "com.example.firebase_demo"
        }
      },
      "oauth_client": [],
      "api_key": [
        {
          "current_key": "AIzaSyCI0817JVn62J7Y-6f6yLPy5fqLsQfV2iM"
        }
      ],
      "services": {
        "appinvite_service": {
          "other_platform_oauth_client": []
        }
      }
    }
  ],
  "configuration_version": "1"
}